piso,tope,max_examen,pend,limite,costo_nuevo,diferencia_limite,cambio_porcen_limite,costo_viejo,diferencia_metodo,FIJO20_diferencia_limite_boot,FIJO20_media_boot,FIJO20_std_boot,FIJO20_porcentaje_inferior_0,MITAD_MAS_diferencia_limite_boot,MITAD_MAS_media_boot,MITAD_MAS_std_boot,MITAD_MAS_porcentaje_inferior_0,DOBLE_diferencia_limite_boot,DOBLE_media_boot,DOBLE_std_boot,DOBLE_porcentaje_inferior_0
8000,30000,110,275.0,1260000.0,2576500.0,-1316500.0,-1.04484126984127,686400,-1890100.0,"[    550.  -33050.  407875.   90000.   26950.  237500.   77875.   -3050.
  267500.   86950.  177500.  280175.  -32500.   86950.  116950.  177500.
  417500.  197875.   17875.  279625. -132125.  -50375.   30550.   77875.
 -239450.]",102601.0,154247.4632660129,0.24,"[-212500.  -92500.  -12125. -282675.  -92500. -342675.   -2500. -109825.
 -529825. -289825.  -49825. -319825. -409825. -153050. -182500. -122500.
 -452500. -242500. -252125.   17325. -149450. -242500. -243050. -432675.
 -303050.]",-220200.0,143594.1917349027,0.96,"[-439825. -512500. -542500. -243050. -242500. -422500. -422500. -542500.
 -499825. -542500.  -63050. -289825. -453050. -432125. -342125. -582125.
 -392500. -362500. -213050. -243050. -362500. -362500. -452500. -453050.
 -512500.]",-397066.0,123852.73430166974,1.0
8000,30000,150,183.0,1260000.0,1751585.0,-491585.0,-0.3901468253968254,686400,-1065185.0,"[  29657.  285887.  170256.  293184.  321354.  562532.   27988.  234345.
   28182.  -63282.  -53869.  174465.  -21793.   71998.   78769.  165092.
  208777.   -4197.  -95907.  288129. -238295.   64352.  215313.   44663.
   37492.]",113003.68,164619.03681548376,0.24,"[-239879. -200037.  -42466.  398642.  -16589. -392567.   89789.  -36690.
 -171370.  -83045.  -38480. -433861. -161614. -230009.  -12146.  247521.
 -397731. -298335. -257681.  -53400.  169919.  158150. -137487. -264910.
   -6015.]",-96411.64,201549.01652508852,0.8,"[-229391. -358987. -276427. -379717. -159515. -451429. -362699. -431665.
 -379065. -233474. -262817. -433861. -439717. -311585. -200426. -387849.
 -380529. -101345. -295350. -108745. -320529. -147620. -173554.  151854.
 -414841.]",-283571.32,138472.5936557036,0.96
8000,30000,180,147.0,1260000.0,1429424.0,-169424.0,-0.13446349206349206,686400,-743024.0,"[327219. 266028. 350801. 644369. 274175. 268589. 122037. 300844. 467682.
 488556. 148830. 267057.  77411. 199754. 387381. 272914. 392170. 222307.
 158617.  87136. 360859. 211429. 316720. 121658. 245889.]",279217.28,130776.00144323728,0.0,"[  63910.   36444.  209750.  367180.  -93814.   83314.  -83230.  -12190.
  393493.   72289.  216806.  122834.  151035.  118571.  104188. -115191.
 -126069.   64498. -120189.  -60027.  223398.   59291.   66200.    9628.
 -125922.]",65047.88,140893.17238768385,0.32,"[  -5428.  -39594.  -82054.  -37095. -197403.   25860. -122100. -164560.
   85813.  -18952.   62378.  -70232.  -86905. -128274. -146711. -238099.
 -120924.  -76321. -217898. -166030. -185496.  146207. -167500.   38502.
  -84700.]",-79900.64,97670.44161951149,0.8
8000,35000,110,338.0,1260000.0,3002280.0,-1742280.0,-1.3827619047619049,686400,-2315880.0,"[ -71956. -223110. -489364.  -36320.  103680. -233210.  -83110. -127574.
  -71956. -209364.  -48746.  301890.  -92574. -211956. -140000. -197574.
 -139364. -232574.  -34364.  523680. -280000.  161890.  -71956.   33680.
  278044.]",-63688.32,207314.71067663675,0.76,"[-407574. -337574.  243680. -456956. -596320. -503746.   33044. -268210.
 -608110. -524364. -281956. -701320. -538110. -664364. -328110. -456320.
 -246320. -302574. -582574. -363110. -351320. -407574. -524364. -491320.
 -338210.]",-400147.04,203409.3138548931,0.92,"[-736320. -888110. -771320. -792574. -491956. -666320. -806320. -818110.
 -281320. -631320. -596320. -372574. -631320. -503110. -666956. -561320.
 -771320. -771320. -386956. -433110. -596320. -701956. -652574. -713746.
 -421320.]",-626555.68,157125.13850831636,1.0
8000,35000,150,225.0,1260000.0,2037375.0,-777375.0,-0.6169642857142857,686400,-1350975.0,"[ 415350. -359725.  -68350.  -47200.  -64075.  -17925.  -31550.    4125.
 -230075.  198500.   37675.   70750. -223775.  450800.   12225. -119900.
 -156250. -119550. -213075.  289425.  125000. -185275.  114975. -159400.
  -69475.]",-13871.0,193629.52379221513,0.6,"[-589750. -583225. -183475. -446275. -151750. -627575. -170550. -218600.
 -487575. -633525. -384375. -306950. -402600. -289275. -319325. -497375.
 -296250. -314375.   -4100. -297375. -328100. -213525. -407675. -420050.
 -355450.]",-357164.0,154766.27266300627,1.0,"[-197900. -438725. -564325. -777375. -613175. -414200.   25950. -548125.
 -169200. -177300. -416675. -619700. -338125. -548125. -433675. -504675.
 -504000. -442550. -469800. -605750. -251350. -370875. -707375. -278025.
 -622175.]",-439490.0,184668.12949179942,0.96
8000,35000,180,180.0,1260000.0,1655560.0,-395560.0,-0.31393650793650796,686400,-969160.0,"[-292220.   71440.   47500.  385700.   -4960.   13500.  110840.  -23760.
  276300.   17720.   69640.   62080.   51460.  121460.  -35440.  141520.
  -24200.  432740.  388400.   22940.  131820.  140900.  234900.   22040.
 -141340.]",88839.2,159173.88011655683,0.24,"[-235800. -215020.  410000.  195160. -261800. -282580. -344660.   34460.
  -54240. -179480. -332620. -129640. -330360. -217180.  243280. -320280.
  -26360. -245880.  119300.  -78620.  272620.  -88700. -103280. -230940.
 -107240.]",-100394.4,204385.681887553,0.76,"[-339360. -264680. -432560. -350420. -284560. -291760. -172380. -325240.
 -486720. -310200. -237600. -180020. -238860. -158060.  179140. -227080.
 -140880. -258200. -268280. -365900.  -21400. -378040. -292120. -274400.
 -176160.]",-251829.6,130590.02131801647,0.96
8000,40000,110,400.0,1260000.0,3424000.0,-2164000.0,-1.7174603174603174,686400,-2737600.0,"[-154800. -354800. -114800. -365200. -500000. -726000.   19200. -405200.
 -260000. -565200.  -20800. -434800. -285200. -300800. -660800. -406000.
  140000. -394000. -619200. -245200. -460000. -434000. -459200. -274000.
 -420000.]",-348032.0,203998.27199268134,0.92,"[ -794000.  -460000.  -740800.  -299200.  -900000.  -620000.  -940000.
  -674800.  -739200.  -314000.  -819200.  -540000.  -634000.  -660800.
  -540800.  -900800.  -620000. -1020000.  -460000.  -354000.  -794000.
  -740000.  -460000.  -540800.  -620800.]",-647488.0,191008.59105286337,1.0,"[ -980000.  -460800. -1060000.  -700000. -1045200. -1194000. -1220000.
  -700000.  -980000. -1100000.  -940000.  -820000. -1060000.  -700800.
  -820000.  -525200.  -900000. -1060000. -1100800. -1220000.  -980000.
  -740000.  -900000.  -980000. -1020800.]",-928304.0,198258.087310455,1.0
8000,40000,150,267.0,1260000.0,2323085.0,-1063085.0,-0.843718253968254,686400,-1636685.0,"[-377619. -371865. -535950. -198622. -373230. -242854. -385185. -208461.
 -261237.   64747. -419194. -181090.    2980.   79816.  -30315.  163931.
 -148139.  -66684. -508569. -218647. -571421.  -16014. -457088. -235421.
 -113963.]",-224403.76,199081.29773261573,0.84,"[-360681. -803641. -883524. -372055. -750014. -406712. -576180. -462922.
 -365073. -271693. -647556. -474740. -414151. -268172. -687556. -156142.
 -752961. -627461. -535673. -478338. -728664. -755888. -375216. -726341.
 -581547.]",-538516.04,189402.58321733208,1.0,"[ -574151.  -436846.   -49599.  -663763.  -729732.  -438742.  -572709.
  -561495.  -725954.  -484993.  -806034.  -964058. -1050546.  -951856.
  -426193.  -662428.  -392337.  -971000.  -541240.  -770266.  -660332.
  -418837.  -824804.  -601028.  -586049.]",-634599.68,220436.6854647783,1.0
8000,40000,180,213.0,1260000.0,1881696.0,-621696.0,-0.4934095238095238,686400,-1195296.0,"[  95173. -164906. -166065.  376859. -252474.   36573.  173037. -228286.
  -43020. -219340.   44028. -223174.  -78378.  -32890.  -94259.  117018.
 -106306.  -46215.  148968.  451340.  197557.  -82118.   33284.   12811.
  236868.]",7443.4,181724.99573366347,0.52,"[-324399. -256521. -110566. -493145. -584998. -361035. -425173. -355923.
 -327475. -133902. -524575. -352941.   96971. -334410. -225091. -322150.
 -389270. -460130. -435516. -218701. -501571. -311074. -354858.   35602.
 -421884.]",-323709.4,160206.32321553354,0.92,"[-531084. -451184. -396963. -590536. -613753. -528528. -370526. -469621.
 -517878. -466094. -442758. -529380. -508080. -515961. -649988. -421884.
 -676093. -207199. -635811. -622818. -508080. -315121. -212217. -552716.
 -393436.]",-485108.36,120674.05758020404,1.0
8000,45000,110,462.0,1260000.0,3845600.0,-2585600.0,-2.052063492063492,686400,-3159200.0,"[-689890. -493680. -584644. -883790.  242174. -494644. -253790. -748790.
 -432826. -869890. -599890. -493680. -584644. -612826. -629644. -420854.
 -510854. -523790. -419890.  -88680. -657826. -718680. -764644. -825854.
 -809036.]",-554822.48,245262.11306226978,0.96,"[-1213680.  -763680.  -657826.  -583680. -1033680.  -854644. -1213680.
 -1094890.  -779890. -1169036. -1438680. -1033680.  -898680.  -943680.
  -882826.  -914890.  -719644. -1184890.  -792826.  -959890.  -882826.
  -509890.  -719644. -1259644.  -883790.]",-935606.64,222796.11480829373,1.0,"[-1108790. -1123680. -1422826. -1303680. -1348680. -1528680. -1258680.
 -1078680. -1185854.  -584644. -1139890. -1197826. -1123680. -1439644.
  -853680.  -718680. -1258680. -1123680. -1303680.  -837826. -1499890.
 -1078680. -1528680. -1438680. -1168680.]",-1186242.8,239772.64018398765,1.0
8000,45000,150,308.0,1260000.0,2603460.0,-1343460.0,-1.0662380952380952,686400,-1917060.0,"[-672700. -175516. -597020.  -82628.  -43956. -837520. -868580. -763796.
 -413356. -166428. -854380. -403000. -108024. -655216. -219168. -398540.
 -483700. -739432.   63908. -641632. -659220.  -63580. -661904. -269504.
 -159968.]",-434994.4,287576.8388136986,0.96,"[-1100804.  -790008.  -686912. -1120200.  -702632.  -843284.  -790424.
 -1051600. -1020312. -1037064.  -694352.  -868928.  -483752. -1012036.
  -749984.  -619456.  -897792. -1311436.  -918160.  -784204.  -664752.
 -1203352.  -773164.  -764592. -1099572.]",-879550.88,198111.29512560763,1.0,"[-1096808. -1343460. -1231680. -1088176.  -718032.  -769988. -1120200.
 -1311436. -1308364.  -723892. -1039828. -1155928. -1046912. -1082244.
 -1120200. -1164772.  -976972. -1175940. -1151616.  -705412. -1087488.
  -248140.  -960996.  -854136. -1275716.]",-1030333.44,242523.55087588175,1.0
8000,45000,180,247.0,1260000.0,2113624.0,-853624.0,-0.6774793650793651,686400,-1427224.0,"[-317216. -431371.   82498.  147404.  179363. -210622. -142999.  -72755.
  190135. -101750.  177291.   93956. -280317. -323240.    4748.  107788.
    2772.  -32645.  -47959.  -65990.   43870.  -36199. -166313. -126450.
 -144577.]",-58823.12,165890.73989836083,0.6,"[-455769. -289305. -247123. -491337. -475282. -690899. -460613. -523049.
 -724834. -303535. -386815. -623180. -192934. -534507. -604504. -474198.
  132831. -519495. -545279. -716436. -633005. -548490. -351892. -574027.
 -590082.]",-472950.36,185551.80378231412,0.96,"[-526013. -693959. -370266. -450733. -503536. -689513. -642240. -762817.
 -273154. -680278. -559454. -487234. -602034. -874008. -528236. -806632.
 -489704. -422328. -780601. -668916. -510109. -638686. -820217. -790975.
 -281552.]",-594127.8,162693.1223736271,1.0
8000,50000,110,525.0,1260000.0,4271500.0,-3011500.0,-2.390079365079365,686400,-3585100.0,"[ -271625. -1105875.  -538550.  -587500.  -287500. -1188550.  -838950.
  -505875.  -456925. -1120575.  -937500.  -787500.  -887500.  -255875.
  -538550.  -455875.  -687500.  -787500. -1187500.  -688550.  -588950.
 -1105875.  -788550. -1140000.  -721625.]",-738431.0,286952.28307856346,1.0,"[-1138550. -1287500. -1270575.  -671625.  -437500. -1287500. -1187500.
 -1237500. -1637500. -1287500.  -987500.  -887500. -1120575. -1588550.
 -1187500. -1656925.  -806925. -1287500. -1255875.  -837500. -1137500.
 -1320575. -1088950. -1655875. -1438550.]",-1188042.0,295494.96719233645,1.0,"[-1588550. -1237500. -1687500. -1237500. -1587500. -1187500. -1387500.
 -1587500. -1537500. -1187500. -1205875. -1037500. -1620575. -1238550.
 -1537500. -1370575. -1387500. -1455875. -1588550. -1287500. -1605875.
 -1620575. -1437500. -1338550. -1187500.]",-1405842.0,179588.24846297712,1.0
8000,50000,150,350.0,1260000.0,2889250.0,-1629250.0,-1.2930555555555556,686400,-2202850.0,"[-566700. -558050. -446500. -564700. -246150. -762900. -536700. -470600.
 -657300. -689150. -321300. -137050. -679400. -502050. -591600. -206600.
 -486700. -974400. -469950. -535300. -700300. -677250. -481450. -965700.
 -277550.]",-540214.0,202650.3439523358,1.0,"[ -905500. -1174450.  -751050. -1085950. -1193250.  -997150. -1204500.
  -748500. -1530650.  -688050. -1460450. -1515300.  -405900.  -869550.
  -988400. -1086650.  -959750.  -749600. -1104450.  -506250. -1260050.
 -1095400.  -790500.  -647550.  -682100.]",-976038.0,292286.2659380355,1.0,"[-1156550. -1233450. -1504450. -1286650. -1343300. -1257250. -1515300.
 -1449600. -1139800.  -818450. -1454450. -1038400. -1185200. -1043600.
 -1244000. -1250250. -1096100. -1304450.  -947500. -1286300. -1579250.
 -1440500. -1169850. -1483450.  -896450.]",-1244982.0,197517.30905416873,1.0
8000,50000,180,280.0,1260000.0,2339760.0,-1079760.0,-0.8569523809523809,686400,-1653360.0,"[-191840.  209720. -153200. -537400. -317360. -367200. -312720. -464440.
 -182040.  -32600. -430400. -337520. -393840. -733920. -673280. -254040.
 -327000. -643440. -242120. -199520. -225880. -344520. -728040. -588800.
 -254720.]",-349044.8,216513.73375599063,0.96,"[-957880. -857320. -451560. -560800. -692040. -663320. -732240. -529160.
 -752400. -685880. -216640. -650440. -695280. -369880. -396360. -614160.
 -777920. -841080. -677480. -675800. -783640. -930880. -560240. -710960.
 -772600.]",-662238.4,170673.3850060987,1.0,"[ -701440.  -202080.  -864600.  -743600.  -475920.  -960000.  -556600.
 -1062680.  -644840. -1006240.  -703120.  -812920.  -770480.  -873160.
  -175760.  -837600.  -991800.  -800760.  -674120.  -768520.  -382920.
  -828760.  -867840.  -643320. -1001320.]",-734016.0,227698.4810489521,1.0
10000,30000,110,250.0,1260000.0,2585000.0,-1325000.0,-1.0515873015873016,686400,-1898600.0,"[  45750.   55000.  210000.  -21250.   68750.  -35000.  294500.  115000.
  -95500.  249250. -163750.   76250. -185000.  295000. -350750. -110750.
  -14250.  355000.  189250.  205000.  105750.  459250.  166250. -103750.
  144500.]",78180.0,184242.70026245274,0.36,"[-223750.   -5000. -215500.   -5000. -110750. -155500. -290750. -275500.
 -155500. -140750. -125500. -305000.  -13750. -313750. -185000. -305000.
 -134250.   -5000.  -95000.  -35000.  -95000. -110750. -335000. -509500.
 -305000.]",-178020.0,125575.63298665867,1.0,"[-305000. -305000. -223750. -185000. -365000. -463750. -455000.  -35000.
 -463750. -215000.  -65000. -215500. -545000. -395000. -245000. -185000.
 -365000. -471250. -605000.  -95000. -605000. -275000. -395500. -545000.
 -335000.]",-334340.0,158647.2010468511,1.0
10000,30000,150,167.0,1260000.0,1767585.0,-507585.0,-0.4028452380952381,686400,-1081185.0,"[ 190991. -122950.   19742.  110089.  291886.  298065.  410623.  -77479.
 -140819.  562166.  287958.  -62469.  276842. -176597. -108962.  356969.
  -69610.  178205.   38219.  -24847.  258506.   89795.  106535.   46749.
  377330.]",124677.48,196309.83438230903,0.32,"[-237585. -315508.   12668.  242160.  284604. -126938.  128793.  -27045.
 -282629.  -78942. -313417. -155809.   37137. -372582.   66662.   11773.
 -231520.  -34466.   97551. -350805.  -55201.   52060.  -73264. -507585.
  -90385.]",-92810.92,193037.02171716595,0.64,"[-133785. -195515. -398841. -219529. -362061. -483056. -401453. -382014.
   84932. -214219.  -78027. -375334. -308995. -471720. -289095. -437338.
 -329202. -172268. -161801. -181654. -447585. -178080. -238220. -199857.
 -357485.]",-277288.08,135553.7108735633,0.96
10000,30000,180,133.0,1260000.0,1440336.0,-180336.0,-0.14312380952380951,686400,-753936.0,"[172955. 368798. 208225. -49114. 122872. 221018. 321799. 363985. 280652.
 393935. 210752. 319513. 309006. 427260. 431890. 274135. 268682. 179871.
 100794. 209821. -45257. 176812. 133271. -61641. -60020.]",211200.56,146138.46673564904,0.16,"[   4801. -141383.  246047.   35549. -142580.  -57651. -208332.  148857.
  -66537.    8126.  -56695.   38899.   71376.  147527. -194234.  132498.
  -22489.  137685.  -92788.  156704.  148857. -126063.   69381.  -72813.
  -96113.]",2745.16,122021.97879847056,0.48,"[-1.21674e+05 -1.08349e+05 -2.34184e+05 -2.20593e+05  1.02099e+05
 -1.01200e+04 -2.13544e+05 -2.40036e+05 -7.34780e+04 -1.75722e+05
  6.36370e+04 -9.38520e+04 -2.32854e+05  2.88990e+04 -1.45000e+02
 -2.75971e+05 -6.69610e+04 -3.58140e+04 -2.72247e+05 -2.88730e+04
 -1.53486e+05 -1.45107e+05 -1.17817e+05  7.60310e+04 -1.82530e+05]",-109307.64,110227.20681025353,0.84
10000,35000,110,312.0,1260000.0,3006600.0,-1746600.0,-1.3861904761904762,686400,-2320200.0,"[-190304. -388680. -269040.   -3680. -248680. -295304.  -39344.  -39344.
  -94040. -163376.  -50304.  136320.  116624. -279336.   -3680.  171320.
 -233376. -213680. -284344. -505304.   70664. -435304. -214344. -374040.
 -104336.]",-157396.48,178622.81174925447,0.84,"[-354344. -353680. -260304. -179344. -563680. -389344. -283680. -354344.
 -843680. -364640. -774344. -294640. -303376. -458680. -198376. -504640.
 -458680. -724040. -843680. -723376. -419336. -318680. -528680. -634344.
 -364640.]",-459862.08,192734.70196182522,1.0,"[-738680. -668680. -563680. -913680. -703680. -774344. -633680. -688376.
 -653376. -668680. -819640. -583376. -773680. -598680. -773680. -704344.
 -773680. -644640. -504640. -703680. -889640. -598680. -828376. -773680.
 -738680.]",-708638.08,98680.61895303252,1.0
10000,35000,150,208.0,1260000.0,2047960.0,-787960.0,-0.6253650793650793,686400,-1361560.0,"[  88912.  -15544.   76368. -212552.  -96552.  258912. -600232.  -30928.
   -5800.  228280. -339040. -192032.  -57144.  219104.  -85760.   65744.
 -299432.  -16296.  266608.  284072.  341720.  206008. -187560. -167528.
 -200664.]",-18853.44,224428.7624002022,0.6,"[ -55960. -662600. -596424. -369672.   66120. -293896. -413264. -386856.
 -408584. -352560.  118936. -403056. -188216. -648952.  -86376. -148552.
 -246872. -226872. -253672. -200904. -418792. -533240. -622272. -563544.
 -318264.]",-328573.76,208193.28303963697,0.92,"[-462488. -651448. -293392. -590056. -596920. -579640.  -57624. -597944.
 -761736. -657272. -663016. -633752. -432936. -718872. -707000. -514312.
 -497240. -437720. -450840. -599000. -510536. -566536. -746328. -517192.
 -416296.]",-546403.84,150215.20915158492,1.0
10000,35000,180,167.0,1260000.0,1672264.0,-412264.0,-0.3271936507936508,686400,-985864.0,"[ 454471.  132528.  235527.  328299.   69629.  376355.  298092.  170918.
 -228767.  294271.  -51867.  100003.  252708.  222000.  381385.   48273.
  -23477.  100484.  146723.  -88420. -105267.  -12976. -230250.  105347.
  277404.]",130135.72,182581.63965317432,0.28,"[-120110. -221753. -174532. -281646.   -5962. -289515.   76810.  448646.
 -206890.  -38320. -305694.   10885. -153176. -109776. -365440. -246616.
  -90571. -254131.  -39342. -264966.   75975. -405814.  -96249. -413830.
 -163657.]",-145426.96,181738.08283625753,0.84,"[-426335. -262461. -266302. -327217. -429675. -399134. -358092. -427691.
 -457063. -474912. -463556. -375273. -410156. -191359. -142969. -220564.
 -274298. -474578. -313523. -207391. -338720. -312708. -218914. -278493.
  -35000.]",-323455.36,111932.33809864958,1.0
10000,40000,110,375.0,1260000.0,3432500.0,-2172500.0,-1.7242063492063493,686400,-2746100.0,"[-595625.  164375.  284375.   43625. -516375.  -75625. -846875. -275625.
 -166875. -302500. -475625. -726875. -300000.   16750. -459250. -262500.
  -62500. -222500. -342500. -419250. -286125. -422500. -166875. -262500.
 -156375.]",-273430.0,255583.8147262068,0.84,"[ -863250.  -983250. -1022500.  -702500.  -555625.  -222500.  -422500.
  -806125. -1022500.  -606125.  -302500.  -862500.  -766125.  -886125.
 -1022500.  -703250.  -566875.  -675625.  -675625.  -355625.  -902500.
  -343250.  -862500.  -646875.  -782500.]",-702450.0,230646.23073009454,1.0,"[ -782500. -1086125.  -862500. -1102500.  -862500.  -996375.  -619250.
  -862500. -1063250. -1022500.  -582500.  -742500.  -686125.  -755625.
 -1022500.  -822500.  -862500.  -782500.  -862500. -1222500.  -835625.
  -982500.  -582500.  -862500. -1182500.]",-881895.0,172284.6833006347,1.0
10000,40000,150,250.0,1260000.0,2333750.0,-1073750.0,-0.8521825396825397,686400,-1647350.0,"[-284000.  -50250. -425750. -203000. -178000. -456750.  -83500.  217250.
 -533500. -405500.  103250. -158000. -483750. -510500. -418750. -406000.
 -278750.  -67500.  -30000. -429250. -420000. -166500. -315000. -403000.
 -371500.]",-270330.0,196350.7667415638,0.92,"[-345750. -346250. -553250. -323250. -406000. -732250. -468750. -626750.
 -591250. -643500. -846750. -110500. -653500. -712500. -225500. -469250.
 -271750. -528500. -923750. -493000. -645000. -445250. -314750. -993750.
 -628250.]",-531960.0,212863.33268085416,1.0,"[ -783750.  -903250.  -862750.  -698500.  -689500. -1011250.  -913750.
  -776750.  -921500.  -260250.  -939500.  -727750.  -653250.  -942250.
 -1042000.  -875000.  -703250.  -771250.  -854250.  -982500.  -433500.
  -464500.  -660250.  -831500.  -692000.]",-775760.0,183633.21431592925,1.0
10000,40000,180,200.0,1260000.0,1898400.0,-638400.0,-0.5066666666666667,686400,-1212000.0,"[-131600.  158800.  148600.   76800.   20000.  359000. -232800. -286200.
 -275200.  139000.   18000. -368400.  122800. -250800. -138600. -237000.
  122800.    4800. -236400. -320400. -197800. -130600.   48800.  371800.
  -64600.]",-51168.0,202930.77188046175,0.52,"[-147600. -563400. -499400. -344400. -229200. -338600.  -58800.  -75600.
 -348200. -137000. -327000. -244000. -336200. -151400. -411800. -444800.
 -478200. -599600. -297600. -194200. -336400. -202600. -433400.  -19600.
 -186400.]",-296216.0,153815.68107315977,1.0,"[-477800. -561600. -510600. -565200. -445400.   15800. -483200. -596600.
 -375000. -526800. -416000. -750800. -446600. -401600. -528800. -284000.
 -449200. -516200. -353800. -488400. -447000. -725200. -542000. -598200.
 -523000.]",-479888.0,143291.99369120382,0.96
10000,45000,110,438.0,1260000.0,3858280.0,-2598280.0,-2.062126984126984,686400,-3171880.0,"[ -466610.  -271320.  -613874. -1108874.  -631320.  -854164.  -361320.
  -451320.  -316320.  -613874.   -61610.  -542156.  -613874.  -208874.
  -496320.  -406320.  -647446.  -703874.  -900000.  -586320.  -452156.
  -658874.  -136320.   -47156.  -569710.]",-508800.24,248765.20546495725,1.0,"[ -992156. -1036320.  -856320.  -883874. -1018874.  -991320. -1036320.
  -658874.  -631320. -1036320. -1081320.  -793874.  -991320.  -811320.
  -676320. -1126320. -1186610.  -586320. -1081320. -1018874. -1153874.
 -1007446. -1141610.  -992156.  -811320.]",-944068.08,168586.50868581864,1.0,"[-1126320.  -901320. -1423874.  -991320. -1198874.  -856320. -1126320.
 -1441320. -1036320. -1351320. -1186610. -1126320. -1108874.  -838874.
 -1351320. -1243874. -1126320. -1441320. -1442156. -1171320.  -856320.
  -991320. -1036320. -1262156.  -961610.]",-1143920.88,187890.84769116776,1.0
10000,45000,150,292.0,1260000.0,2619460.0,-1359460.0,-1.0789365079365079,686400,-1933060.0,"[-437392. -647588. -719572. -492872. -207076. -465544. -233124. -639340.
 -355376.  -37456. -442596. -420040. -120156. -542584. -216136. -729612.
 -522728. -428528. -901404.  -70424. -526744. -375936. -819792. -467760.
 -600292.]",-456802.88,219968.14608816797,1.0,"[ -834464.  -537892.  -558092.  -777028.  -964612. -1145284.  -902784.
  -780280.  -511804.  -837748.  -495964.  -854904.  -818324.  -925492.
  -810520.  -802344.  -610504.  -428520.  -767856.  -751100.  -716480.
  -963452. -1112580. -1097556. -1272884.]",-811138.72,209773.93092937357,1.0,"[-1105864.  -671896. -1247408.  -899432. -1106740. -1187556. -1053816.
 -1034764.  -882636.  -922320. -1249744. -1025500. -1246320.  -711236.
  -999460. -1122920.  -986844. -1038852.  -844756.  -923316. -1033676.
  -936256.  -715696. -1137884.  -429104.]",-980559.84,193497.71352937067,1.0
10000,45000,180,233.0,1260000.0,2124536.0,-864536.0,-0.6861396825396825,686400,-1438136.0,"[-137473. -224325. -138657.  -70892. -274401. -143764.   27396. -431619.
 -533150. -157530. -254168. -178462. -422066.   46502. -113260. -517539.
 -110697.  188304.   53958. -663787. -251838.  -58776. -306574. -199199.
  -65533.]",-197502.0,196354.0717717868,0.84,"[-391543. -315157. -506588. -376864. -617225. -239023. -409484. -334030.
 -563188. -741571. -786754. -282575. -717824. -462822. -447444.  189255.
 -510083. -272304. -508219. -563402. -381757. -175899. -612565. -430901.
 -293041.]",-430040.32,201019.05218953153,0.96,"[-903644. -614410. -776968. -793744. -673107. -719203. -964671. -817006.
 -889217. -912964. -978632. -978632. -964671. -429522. -552470. -446745.
 -837976. -891547. -522199. -524044. -555014. -776735. -722931. -485870.
 -554800.]",-731468.88,179086.13340028757,1.0
10000,50000,110,500.0,1260000.0,4280000.0,-3020000.0,-2.3968253968253967,686400,-3593600.0,"[ -740000.  -891000.  -990000.  -840000.  -572500. -1221500.  -391000.
  -940000.  -658500.  -657500.  -408500.  -791000.  -572500.  -689000.
 -1021500.  -490000.  -341000.  -657500.  -239000.  -672500.  -757500.
  -590000.  -641000.  -740000.  -591000.]",-684160.0,220341.7218776326,1.0,"[-1421500. -1507500. -1458500. -1440000.  -890000.  -691000. -1590000.
 -1390000. -1022500. -1107500. -1471500. -1840000.  -991000. -1008500.
  -921500. -1039000. -1207500.  -821500. -1040000.  -971500. -1191000.
 -1507500. -1321500. -1122500. -1390000.]",-1214520.0,274663.33865297714,1.0,"[-1290000. -1540000. -1540000. -1591000. -1457500. -1540000. -1390000.
 -1321500. -1190000. -1040000. -1740000. -1090000. -1541000. -1521500.
 -1090000. -1190000. -1690000. -1407500. -1391000. -1589000. -1490000.
 -1440000. -1790000. -1157500. -1340000.]",-1414700.0,201589.186217912,1.0
10000,50000,150,333.0,1260000.0,2899835.0,-1639835.0,-1.3014563492063491,686400,-2213435.0,"[ -926642. -1374920.  -242853.  -939429. -1024161.  -597951.  -653522.
  -319223.  -449123.  -803132.  -609649.  -839519.  -388154.  -247435.
  -954011.  -568650.  -542533.  -564671.  -674844.  -828387.  -525004.
  -199726.  -619889.   138752.  -905956.]",-626425.28,314897.6819944561,0.96,"[ -594421.  -641171. -1238480.  -862443. -1281024.  -615973. -1086602.
  -960791.  -457688. -1114241.  -978317. -1028996. -1053315.  -833565.
 -1220085.  -972909. -1076705.  -746552. -1345726. -1022003. -1360055.
 -1425666. -1153475.  -843142. -1032646.]",-997839.64,248417.69132038564,1.0,"[-1539915. -1174787.  -853039. -1503941. -1213425. -1383698. -1242476.
 -1084271. -1071537. -1539835. -1429582. -1208097. -1197947. -1554567.
 -1008670. -1639835. -1344071. -1317088. -1215756. -1525586.  -769446.
 -1026985.  -862030. -1308763. -1524174.]",-1261580.84,237569.26934411025,1.0
10000,50000,180,267.0,1260000.0,2356464.0,-1096464.0,-0.8702095238095238,686400,-1670064.0,"[-498446.   18850. -482960. -721437. -232055. -612284. -218972. -354825.
 -372739. -247662. -159456. -380991. -360044.  -86323. -262493. -355505.
 -253949. -596264. -372447. -566506. -470023.   69822. -388734. -307858.
 -549151.]",-350498.08,188683.37285302486,0.92,"[ -615342.  -753865.  -437570.  -736656.  -840227.  -784837.  -746535.
  -863577.  -586385.  -826610.  -520315.  -154116.  -394608.  -467620.
  -164383.  -501237.  -858917.  -583982. -1056956.  -264871.  -835834.
  -808988.  -549272.  -280891.  -848892.]",-619299.44,237694.04494148857,1.0,"[-1117152.  -875980.  -901612.  -138363.  -911758.  -825008.  -743986.
  -993289. -1014916.  -710102.  -929768.  -915229.  -595050.  -623619.
  -964332. -1041082.  -484950.  -765346.  -973677.  -949793. -1045354.
  -612939.  -920423.  -849426.  -784570.]",-827508.96,209494.84062620348,1.0
12000,30000,110,225.0,1260000.0,2593500.0,-1333500.0,-1.0583333333333333,686400,-1907100.0,"[ 142500.   98325. -231675.   30450.  -45375.  142500.  142500. -187950.
 -255375.  -51675.     450.  194175.  104625.  284625.   82500.  104625.
   68325.   14625. -351675.  314625.  112500.   -7950.   38325.  -37500.
   14625.]",28845.0,154974.36546087227,0.32,"[-195375. -411675. -367950.  -97500. -441675. -375825. -195375. -517500.
  -97950.  -51675. -231675.  -97500. -127500.  -67500. -531675. -141675.
 -367500.   14625.  -97950. -449550. -359550.   52500. -247500. -157500.
  -75825.]",-225531.0,166498.62826461965,0.92,"[-247500. -607500. -435375.   82500. -405825. -217500. -427500. -367500.
 -315375. -337500. -427500. -427500. -307950. -531675. -531675. -307500.
   82500. -337500. -375375. -375375.  -97500. -427950. -277500. -321675.
 -457500.]",-336030.0,161513.47219349846,0.92
12000,30000,150,150.0,1260000.0,1778250.0,-518250.0,-0.4113095238095238,686400,-1091850.0,"[ 175950.   -6150.  122850. -160050.  155100.  192900.  189450.  190350.
  112950.  112500.  -48000.   60300.  439650. -250800.  178650.  238650.
  308850.  -27000.   15150.   27300.  127050.  279450.   49500.   55950.
  191100.]",109266.0,143730.4669998675,0.2,"[  -3900. -156750. -255000. -216900.  -62850. -143250.   58050. -263550.
 -207000.  -94050. -165450. -138750. -268950. -278250. -229050. -250650.
 -158850. -384300. -200550. -328050. -138000.   21900. -191100. -334200.
  -92100.]",-179262.0,107874.33455646435,0.92,"[-349050. -324600. -237900. -262650. -344250. -321900. -518250.  -90750.
 -370500. -280050. -480000. -412950. -122250. -258750. -310500. -493200.
 -145500. -288750. -121500. -343050. -148800. -211800. -125850. -439800.
 -103950.]",-284262.0,125514.40656753312,1.0
12000,30000,180,120.0,1260000.0,1457040.0,-197040.0,-0.15638095238095237,686400,-770640.0,"[293280. 202800.  44520. 265560. 546960. 341400. 439800. 130080. 316200.
 307920. 285720. 471480. 117720. 127440. 396000. 377760. 317520. 277080.
 380040.  36480. 348960. 577560. 388080. 400080. -11880.]",295142.4,150444.76188368938,0.04,"[-247800.   14880.   67200.  -99960.   97560. -180960.    5640. -251160.
   -2280.   91920. -219360.  -72960.    7440.  -24720. -192360.   46320.
 -119400.   70320.   35520.   29160. -104400.  -67560.  -56160.  163800.
   43440.]",-38635.2,112170.21540926093,0.52,"[ -65280.  -73440.  215760. -310440.  197760. -171480. -216240. -232560.
 -251160.  -44880.  -59760.  -52080. -269760.  387600. -280320. -225360.
 -257640.  -78600.   64560. -259080. -280080. -269760. -324480. -280080.
   16560.]",-124809.6,182791.7737422557,0.8
12000,35000,110,288.0,1260000.0,3019280.0,-1759280.0,-1.3962539682539683,686400,-2332880.0,"[  63680.  133144.   28680. -164960.  -59424.  -51360. -296896. -191360.
  105000.  115576.  -59960. -296896.  -94960.  -16360. -216320. -226360.
 -174464.     536.  360040. -321856. -356856.   -6320.  -76856. -304424.
 -436360.]",-101813.44,181667.92874694863,0.72,"[-391320. -261360. -671856. -251856. -654424. -331360. -671320. -286320.
 -549424. -426320. -251320. -506360. -601320. -331896. -146320. -601856.
 -444424. -391320. -496320. -356320. -426320. -531856. -296360. -191896.
 -181320.]",-410030.72,156013.11836009688,1.0,"[-646360. -636320. -846320. -454464. -741320. -846320. -496320. -724424.
 -619424. -611360. -811856. -496320. -356320. -611896. -296360. -251320.
 -821360. -681360. -619960. -776320. -514424. -706320. -846320. -706320.
 -391320.]",-620416.32,171169.14791134995,1.0
12000,35000,150,192.0,1260000.0,2063960.0,-803960.0,-0.6380634920634921,686400,-1377560.0,"[ -73688. -249176.     616. -181336.   81448. -116680. -203640. -299304.
  112296. -126048.  -53264. -261848.  184672. -123272. -161576. -183128.
 -466240.   36312.  270880. -187336.   31592. -353152. -192136. -320912.
 -255016.]",-123597.44,171633.72083365903,0.72,"[-437224.   21384. -104680. -438584.  -99960. -137224. -606376. -391704.
  -23096. -249648.  -81272. -607320. -302264. -323704.  184600.  -89128.
 -467576. -714008. -669256. -163640. -609848. -300680. -257240. -652376.
 -467120.]",-319517.76,240372.10162800175,0.92,"[-656680. -478752. -635672. -498776. -803960. -677704. -733960. -170920.
 -671480. -458248. -475144. -597544. -370488. -476072. -332024. -329768.
 -419720. -803960. -648616. -230880. -647192. -393016. -688184. -247496.
 -669944.]",-524648.0,177263.20831667242,1.0
12000,35000,180,153.0,1260000.0,1683176.0,-423176.0,-0.33585396825396824,686400,-996776.0,"[  95106. -104649.  156132.  -48825.   -3471.  258141.  -15711.  157422.
  385548.  -84234.  209814.  276348.  309069.   39960.   96243.  127215.
  225333.  368871.   42408.  298446.  188088.  160941.  -10203.  138777.
  111150.]",135116.76,134376.6213235859,0.24,"[  31326.   32397. -256296.  176919.    8682. -347595.  208284. -537711.
 -142353.   42954. -126966. -150069.  -95010. -513777.   32856. -295749.
 -112059.  148941. -192276. -222483. -182265. -133479. -242985.   -8127.
  -44388.]",-116849.16,186193.93177752706,0.68,"[-552312. -149151. -347595. -420555. -518433. -333147. -237630. -518433.
 -119250. -132015. -120474. -290853. -252231. -263094. -245127. -156189.
 -236406. -502302. -269826. -342087. -245433. -366480. -329016. -361212.
 -448620.]",-310314.84,127001.68156482968,1.0
12000,40000,110,350.0,1260000.0,3441000.0,-2181000.0,-1.730952380952381,686400,-2754600.0,"[-327750.  -19300. -597250. -105700. -499300. -505000. -305000. -757250.
 -437250. -179300.  202050. -539300. -397950.  175000. -505000. -527050.
  -65000. -207050. -225000. -397950. -145700. -477250. -847050.  -65000.
 -127750.]",-315324.0,259278.95445639238,0.92,"[ -687050.  -465000.  -425000.  -287750.  -957950.  -625000.  -585000.
  -865700.  -527050.  -825700.  -865000.  -607050.  -225000.  -585000.
  -727050.  -865000.  -899300. -1047050.  -825000. -1087050.  -545700.
  -745000.  -945700.  -985000.  -825000.]",-721204.0,224464.22339428615,1.0,"[-1167050. -1197250. -1025000.  -545000.  -687050. -1145700.  -997250.
  -677250.  -407050.  -997950.  -865000. -1185000. -1025000.  -785000.
  -985000. -1025000.  -865000.  -705000.  -545700. -1145000. -1145000.
  -705000.  -745000. -1025000. -1105700.]",-908118.0,224145.2135915465,1.0
12000,40000,150,233.0,1260000.0,2344335.0,-1084335.0,-0.8605833333333334,686400,-1657935.0,"[-134767. -217367.  -23345.  -15230. -558443.  392605.  -63159. -257014.
 -415183. -556579. -503920. -156932. -209019. -143468. -165524. -383498.
 -177866. -508031.  -66687. -262373. -209641. -279542. -108088. -389705.
 -488349.]",-236045.0,209371.38342935024,0.96,"[-661271. -531914. -525477. -690939. -219224. -944067. -380003. -837581.
 -266021. -666444. -851834. -261008. -759252. -759139. -941271. -723606.
 -261251. -337713. -323573. -342756. -658791. -675491. -415383. -483653.
 -612347.]",-565200.36,220901.50700452543,1.0,"[ -313444.  -557708.  -737044.  -692540.  -685427.  -741937.  -648736.
  -800883.  -912728. -1028374.  -707762.  -502177. -1044335.  -863641.
  -783295.  -612340.  -974241.  -814161.  -641629. -1007211.  -845700.
 -1052064.  -866011.  -845427.  -701271.]",-775203.44,176255.11381383066,1.0
12000,40000,180,187.0,1260000.0,1915104.0,-655104.0,-0.5199238095238096,686400,-1228704.0,"[ 266754. -119908. -204309. -187511.   97765.   91220.  378179.   21966.
 -267985.  161441. -252058. -286498.  178832. -301458.   77008.   47959.
   39389. -337613. -222480.   81464. -258416. -112802.   18381.  251046.
  -42239.]",-35274.92,198354.1973470529,0.48,"[-214439. -449909. -354288. -271164. -284815. -433079. -388167. -297563.
 -260318. -185796.   12958. -403127.  442726.   -9669. -627003. -307848.
 -312336. -671541. -366662. -617995. -583400. -287246. -354101. -307506.
 -583929.]",-324648.68,229613.71671095263,0.92,"[-589384. -514520. -671728. -713306. -472007. -652280. -386484. -555131.
 -691582. -287652. -589384. -287807. -771869. -628686. -505325. -528732.
 -327889. -667801. -481544. -787048. -447104. -547651. -494105. -545781.
 -715176.]",-554399.04,137005.24909637004,1.0
12000,45000,110,412.0,1260000.0,3862600.0,-2602600.0,-2.0655555555555556,686400,-3176200.0,"[ -660540.  -903680. -1169136.  -435540.  -453680.  -794676.  -994544.
  -450000.  -184544.   105324.  -524676.  -269136.  -409544.  -544544.
  -409544.  -254676.  -719136.  -629136.  -453680.  -334004.  -994544.
  -333140.  -183680.  -199004.  -390540.]",-503600.0,292860.2848824675,0.96,"[ -993680. -1128680. -1424676.  -678680.  -839676.  -813680.  -873140.
 -1199676. -1174544. -1110540. -1128680. -1128680. -1128680.  -795540.
  -738140. -1038680. -1064676.  -945000.  -588680. -1038680.  -993680.
  -693140.  -949544. -1064676.  -769544.]",-972119.68,193215.51397394983,1.0,"[-1218680. -1218680. -1308680. -1053140. -1173680. -1143140. -1263680.
 -1368140. -1214136.  -948680.  -964004. -1218680.  -949544.  -859544.
 -1038680. -1398680.  -783140.  -498680. -1128680. -1353680. -1399544.
 -1264544. -1353680. -1309544. -1039544.]",-1138832.16,213542.11382969495,1.0
12000,45000,150,275.0,1260000.0,2630125.0,-1370125.0,-1.0874007936507937,686400,-1943725.0,"[ -149550.   -88875.  -364375.  -356125.  -451900.  -100150.  -561700.
  -195925.   252150.  -988600.  -551525.  -495975.  -644275.  -754250.
 -1029750.  -234325.   -83475.  -383900.  -675350.  -315800.  -203350.
  -607150.  -509550.  -140475.  -749675.]",-415355.0,296438.9983622263,0.96,"[-1058800.  -413950.  -773675.  -125900. -1136150.  -999225.  -395625.
  -386000.  -754700. -1060175.  -889975.  -762500. -1256850. -1020675.
  -919675.  -510000. -1088950.  -873575.  -771475.  -977050.  -971825.
 -1263450.  -845075.  -867800. -1157500.]",-851223.0,284816.44781507965,1.0,"[ -799250. -1047525.  -960000.  -840575. -1370125.  -853500. -1198925.
  -568200. -1114425. -1236225.  -585425. -1185550. -1046425. -1218450.
 -1056500.  -881725. -1370125.  -619250. -1280125.  -927650.  -849750.
 -1241725.  -904825.  -875875.  -789625.]",-992871.0,228948.21932917496,1.0
12000,45000,180,220.0,1260000.0,2141240.0,-881240.0,-0.6993968253968254,686400,-1454840.0,"[-380220. -142880. -456140. -142340. -396180. -353820.  211180. -196700.
 -188560. -327180.  -26480.   88840. -676540. -357440. -371420. -495200.
 -210460. -406740. -526560. -581360. -358980. -328180. -192400. -132220.
 -241040.]",-287560.8,198539.3292608797,0.92,"[-294400. -787120. -569040. -235320. -509840. -483100. -777320. -557260.
 -634060. -669380. -774680. -490260. -472100. -583020. -751680. -366800.
 -519740. -254360. -771380. -435240. -489600. -621300. -313220. -488380.
 -599840.]",-537937.6,161673.7461749433,1.0,"[-852140. -698100. -983740. -648480. -971420. -618660. -938960. -832780.
 -971420. -771380. -590500. -720000. -451420. -646720. -791520. -938960.
 -627460. -953920. -912660. -518200. -669280. -659040. -387720. -922780.
 -503900.]",-743246.4,175735.71973574412,1.0
12000,50000,110,475.0,1260000.0,4288500.0,-3028500.0,-2.4035714285714285,686400,-3602100.0,"[ -723375.  -692500.  -592500.  -342500.  -690000.  -543450.  -709125.
  -793450.  -642500.  -722425.  -722425.  -222425.  -709125.  -709125.
 -1090000.  -910075.  -442500.  -739050.  -243450.  -593450. -1122425.
 -1092500.  -272425.  -759125.  -593450.]",-666935.0,236019.9077408514,1.0,"[ -872425. -1172425. -1142500. -1122425.  -693450. -1092500. -1543450.
 -1042500. -1393450.  -492500. -1192500. -1343450. -1392500.  -992500.
 -1073375. -1593450.  -842500. -1442500. -1542500. -1292500. -1392500.
 -1192500.  -792500.  -792500.  -942500.]",-1135516.0,281561.1754912243,1.0,"[-1643450. -1442500. -1342500.  -942500. -1442500. -1143450. -1722425.
 -1222425. -1392500. -1742500. -1842500. -1292500. -1392500. -1342500.
  -842500. -1542500. -1592500. -1693450. -1242500. -1322425. -1159125.
 -1659125. -1342500. -1642500. -1292500.]",-1409535.0,243848.90608735566,1.0
12000,50000,150,317.0,1260000.0,2915835.0,-1655835.0,-1.314154761904762,686400,-2229435.0,"[ -881552.  -618124.  -583611. -1127157.  -336147.  -588640.  -863609.
  -491542. -1015822.  -738129.  -990708.  -196177.  -550338.  -629499.
  -849615.  -590625.  -226643.  -656589.  -562061.  -313837.  -667967.
  -452194.  -825218.  -792053.  -801760.]",-653984.68,235801.37780491784,1.0,"[-1430758.  -933180. -1098230.  -913252. -1134925. -1182823.  -796565.
  -872362.  -949378.  -539874. -1276166. -1068355. -1160747.  -224101.
  -625963.  -743315.  -983134. -1192524.  -636864. -1264120.  -844272.
  -785676.  -879573. -1062375. -1195537.]",-951762.76,264800.80032934644,1.0,"[-1017724. -1291773. -1438446. -1131072. -1577945.  -913603. -1085470.
 -1059399.  -977591. -1070571. -1136541. -1578579. -1321088. -1541853.
 -1569703.  -775643. -1410390.  -981309. -1231469. -1619109. -1419703.
 -1410390. -1469703. -1192564. -1433571.]",-1266208.36,236802.4455554258,1.0
12000,50000,180,253.0,1260000.0,2367376.0,-1107376.0,-0.8788698412698412,686400,-1680976.0,"[-381885.  -56920. -113304.   86099.  -83738. -278696. -598239. -455473.
   55377.  -84462. -503146. -435124. -539831. -164772. -728861. -161374.
 -204964. -484930. -667382. -412716. -822798. -436245.  -32632.  -59450.
 -358862.]",-316973.12,247360.57586192994,0.92,"[ -684586.  -113304.  -625925.  -636407.  -922192.  -975793.  -961119.
  -420956. -1144474.  -601890.  -503146.  -953023.  -794209.  -571530.
  -976299.  -265287.  -717079.  -475063.  -679020.  -630841.  -612263.
  -624769.  -964805.  -610998.  -453702.]",-676747.2,238392.05971894282,1.0,"[-1095536.  -982480.  -910916.  -850231.  -820124.  -914458. -1068103.
  -980853.  -821786. -1018406.  -670815.  -657153.  -953023.  -786113.
  -695827.  -931662.  -949625.  -786113. -1242712. -1080356.  -967697.
 -1008792. -1128029.  -825184. -1121704.]",-930707.92,147530.50354416066,1.0
16000,30000,110,175.0,1260000.0,2610500.0,-1350500.0,-1.0718253968253968,686400,-1924100.0,"[ 576125.  227500.  101025.  197500.  -42850.  366475.  281375. -359650.
 -192500. -138625.  131375.  401375.    6475.  167500. -312500.  281025.
  197150. -233525. -192500.  -23525.  -53875.  287500.   47500. -168625.
  -48625.]",60124.0,234620.17490829725,0.44,"[  17500. -102500. -522850.  -18975. -468625.  -72500.   90350.  131375.
 -282850. -252500.  -72500.   47500. -192500. -468625. -552500. -252500.
  -72500. -162500. -132850. -222500.   96475. -239650. -552500.  -18625.
   17500.]",-170394.0,205659.69662041223,0.76,"[-612500. -443525. -353525. -468625. -372500. -383525.  -72500. -372500.
 -143525. -432500. -108625. -468625. -432500. -342500. -203525. -552500.
 -342850. -203525. -413525. -192500. -222500. -552500. -432500. -402850.
 -282500.]",-352350.0,139083.22454559358,1.0
16000,30000,150,117.0,1260000.0,1804835.0,-544835.0,-0.43240873015873016,686400,-1118435.0,"[ 383990.  274377.   75349.  142466.  316034.  344473.  -62278. -109788.
  191542.  133334.   33455.   14818.   72284.  -88571.  358393.  206875.
  -65745.  238122.  -35902.   29791.  351139.  162364.  284667.   30262.
  323722.]",144206.92,155307.6477150871,0.2,"[-191033. -419830. -291052.  -63645.   34397. -250679. -374854. -310679.
  -86505.  -29824. -163179. -230387.  -93562. -426159. -526846. -149744.
   62876.    4077.  124354. -183411.  -82767. -263820.  -60754. -349688.
  -58731.]",-175257.8,163959.85860496465,0.84,"[-433179. -488656. -426159. -314500. -155999. -198164. -307323. -471680.
 -231594. -256683. -338656. -202490. -474956. -429044.  -74648. -454835.
 -484835. -372397.   40635. -357644. -193333. -391037. -526846. -399980.
 -446788.]",-335631.64,141329.9079362553,0.96
16000,30000,180,93.0,1260000.0,1484656.0,-224656.0,-0.1782984126984127,686400,-798256.0,"[129041. 245586. 196567. 430126. 161688. 211730.  19936. 255816. -88243.
 179083. 345205. -23038. -50291. 130994. 277396.  63836.  75930. 114254.
 175456. 353110. 419338. 267538. 210800. -59684. 123833.]",166640.28,139787.05153154064,0.16,"[  29329.   48770.  197869.   80487.  -72894.  191545.   14542. -157815.
 -163860.   59279.   95557. -149445.   47561. -136793. -269059.   35002.
 -254268. -151398.  223355. -228228.   14910.   56582.   -4248.  239634.
 -168417.]",-16880.12,147521.7374654515,0.44,"[-310824.  -39317. -224880. -289709. -225438. -225438. -235482. -213623.
 -257434. -204137. -342448.   26725. -390072. -137444. -147399. -103123.
 -366818. -333334. -127772.  -25828.  -23503. -268315.  -38015. -180511.
 -234180.]",-196732.76,113350.4271872956,0.96
16000,35000,110,238.0,1260000.0,3036280.0,-1776280.0,-1.4097460317460317,686400,-2349880.0,"[-291320. -125046.  128680.  -81320. -160046. -299610. -125046.  -61274.
 -159610.   78726. -201710.   58244. -376274. -124610. -291756.  128680.
 -419564.   23244.  155390. -244564. -376274. -151756. -271710.  190390.
   58680.]",-117578.24,177317.26488422495,0.68,"[-439610. -559564. -536320. -606756. -256320. -124610. -551274. -326320.
 -396320. -341274. -614610. -656274. -404610. -326320. -501320. -431320.
 -571320. -466320. -501756. -105000. -221320. -606320. -509610. -396756.
 -116320.]",-422701.76,158781.2799488101,1.0,"[-754610. -536320. -676320. -711320. -606320. -711320. -851320. -781320.
 -676756. -641320. -571320. -851320. -831274. -921320. -746320. -676320.
 -851320. -676320. -761274. -781320. -684610. -781320. -606320. -509610.
 -641320.]",-713528.56,103112.84366094459,1.0
16000,35000,150,158.0,1260000.0,2085210.0,-825210.0,-0.6549285714285714,686400,-1398810.0,"[-348012.  249784. -165826. -135880.  162642.    2774.    7118. -266752.
  199540.  -87252.   84428. -220062. -208840.  237066. -119726. -132522.
   58986.  -21282. -291088.  -31120.   13522. -104990.   97110. -247596.
  318126.]",-37994.08,178719.5562389119,0.56,"[-690464. -263358. -290774. -258300. -662812. -348486. -711282. -263516.
 -454238. -299346. -351014. -161952.  -66318. -363894.    9056. -634094.
 -291604. -277420. -291126. -537272. -273668. -540748. -379694. -329328.
 -421490.]",-366125.68,178844.7152459854,0.96,"[-585464. -567334. -521550. -586810. -636938. -617346. -447088. -540668.
 -488486. -694376. -617346. -467194. -696350. -704330. -419670. -450524.
 -703698. -277500. -687266. -624930. -492200. -606164. -480192. -352202.
 -213310.]",-539157.44,129287.54535842345,1.0
16000,35000,180,127.0,1260000.0,1716584.0,-456584.0,-0.36236825396825395,686400,-1030184.0,"[ 283690. -112524.    9388.   72884.  406362. -180338.  228447. -122557.
  221083.  191494. -172972.   82661. -212467.     498.  340201.   27674.
  -22741.   45073.  323439.  -50425.  141460. -179449. -296027. -189480.
  198606.]",41359.2,192818.9124674237,0.4,"[-211959. -162431.  -50806.  -90047. -300599.   70598. -332347. -108460.
 -451338. -469497.  -39503. -342507. -452354. -503404. -455910. -227451.
 -418828. -414383. -374380. -205990.   10785. -193419. -193673. -119763.
 -456545.]",-259768.44,167420.3097866158,0.92,"[-261612. -394446. -267073. -398510. -235706. -217547. -111381. -598902.
 -139192. -379841. -106430. -376920. -323330. -391271. -508992. -443337.
 -444607. -328918. -439146. -519152. -455529. -261612. -142748. -276977.
 -403461.]",-337065.6,129948.76215893708,1.0
16000,40000,110,300.0,1260000.0,3458000.0,-2198000.0,-1.7444444444444445,686400,-2771600.0,"[ 1.000e+04 -5.906e+05 -2.811e+05 -6.000e+04 -5.100e+05 -4.889e+05
 -6.089e+05 -4.805e+05 -3.060e+04 -5.000e+02 -3.906e+05 -4.706e+05
 -3.695e+05 -1.695e+05 -3.500e+05 -7.060e+04 -1.500e+05 -4.495e+05
 -4.005e+05 -3.205e+05  3.294e+05  1.000e+04 -4.050e+04 -4.200e+05
 -1.906e+05]",-259764.0,230105.43301712803,0.88,"[ -729500.  -790000.  -408900.  -801100.  -750000.  -870000.  -790000.
  -470000.  -459400. -1000500.  -528900.  -870600.  -528900.  -768900.
  -680500. -1070000.  -670000.  -710000.  -608900.  -470000.  -710600.
  -350000.  -768900.  -790600.  -470000.]",-682648.0,180813.86699033898,1.0,"[ -990000.  -950000. -1150000.  -830000. -1150000. -1150000.  -880500.
  -910600. -1208900. -1160500.  -960500.  -430600.  -750000.  -848900.
  -750000.  -939400.  -510000.  -800500. -1110000.  -710000.  -630000.
  -790000.  -721100.  -750600.  -830000.]",-876484.0,201249.39886618295,1.0
16000,40000,150,200.0,1260000.0,2371000.0,-1111000.0,-0.8817460317460317,686400,-1684600.0,"[-157200. -183400. -272000.   20600. -491400.  211200.  247000. -317400.
 -202200. -390800. -406200. -309200.   -3600. -563200.   62200. -243200.
  381200. -278800. -661600. -181400. -139200. -484200. -207800. -423000.
 -196600.]",-207608.0,248656.0514767336,0.8,"[-583600. -917400. -337000. -509000. -708400. -425400. -689200. -326200.
    1400. -976400. -802200. -494800. -516800. -369000. -297800. -410800.
 -496600. -349200. -715000. -701800. -543800. -583000. -509800. -715600.
 -214600.]",-527680.0,217829.4672444479,0.96,"[ -816600.  -959000.  -940400.  -634000. -1052600. -1031000.  -951000.
  -925000.  -873400.  -960600.  -966200. -1111000. -1086000.  -908200.
 -1071000.  -715000.  -942600.  -731000.  -823000.  -697200.  -495800.
 -1033400.  -530800.  -746000.  -839600.]",-873616.0,165261.82784902267,1.0
16000,40000,180,160.0,1260000.0,1942720.0,-682720.0,-0.5418412698412698,686400,-1256320.0,"[ 134080.  226560. -270080. -363680.  -64000.  -81440. -223520. -286240.
   -3040. -114240. -169600. -218880.  -15840. -597920. -156800.  -53120.
  -13120. -110240.  304640.  -57600.   24640.  -22880.   29280. -488320.
   54240.]",-101484.8,198634.4963619361,0.76,"[-156000. -205120. -239040. -154400. -528160. -591840. -624800. -291360.
 -305280. -314880.  -59040.  -26240. -656480. -503840. -213440. -202880.
 -419360. -447680. -495680. -255360. -568160. -745280. -205760. -656800.
  -48960.]",-356633.6,208020.01863051543,1.0,"[-697440. -552160. -508320. -852640. -648480. -469440. -508960. -789280.
 -348160. -619840. -487040. -833920. -408160. -331200. -444160. -174560.
 -686080. -541120. -270560. -547680. -514400. -557760. -365120. -822720.
 -782880.]",-550483.2,179035.19919211415,1.0
16000,45000,110,362.0,1260000.0,3879600.0,-2619600.0,-2.079047619047619,686400,-3193200.0,"[-526526. -413680. -291390. -606390. -278680. -764236. -786390. -966390.
 -683680. -773680. -774444. -291390. -256526. -526526. -481526. -246390.
   81320. -279444. -661526. -526526. -863680. -684444.  -99444. -346526.
 -436526.]",-499385.6,253071.28319617774,0.96,"[ -516390. -1236390. -1223680.  -503680.  -863680. -1156526. -1133680.
 -1326390. -1426526.  -773680. -1133680. -1146390. -1111526. -1358680.
 -1079236.  -562154.  -967154.  -887290.  -998680.  -999444.  -503680.
  -233680.  -864444. -1268680. -1133680.]",-976360.8,303773.64035162766,1.0,"[-1133680. -1471526. -1268680. -1236390. -1134444. -1223680. -1056390.
 -1359444. -1236390.  -908680.  -998680. -1088680. -1133680. -1448680.
 -1381526.  -953680.  -953680. -1178680.  -953680. -1268680. -1404444.
 -1268680. -1313680. -1133680. -1358680.]",-1194724.56,161107.0631822404,1.0
16000,45000,150,242.0,1260000.0,2656710.0,-1396710.0,-1.1085,686400,-1970310.0,"[-465520. -849544. -329028. -391012. -725960.  143784. -838536. -148708.
 -964632.  -56248. -737538. -513036. -440486. -894304. -535594. -149570.
 -674426. -444438.  -48678. -463828. -530286. -552900. -837902. -442988.
 -682776.]",-502966.16,283783.6649122257,0.96,"[ -808256.  -872928. -1109340. -1187240.  -807410.  -645884.  -727212.
  -725384. -1093288.  -515000.  -508224.  -966718.  -566276.  -716000.
  -976076.  -985272. -1197000. -1113374.  -792204.  -808822.  -743830.
  -670716. -1134508.  -897288.  -695884.]",-850565.36,203665.11265837945,1.0,"[ -676284. -1099580. -1110510.  -758538. -1289420.  -829796. -1056960.
  -670960. -1306710.  -686072. -1155510.  -902288. -1227278.  -856202.
  -781154. -1396710. -1188570. -1351710.  -859534. -1113858. -1095708.
 -1306710.  -961366. -1376596. -1217598.]",-1051024.88,231014.24726909288,1.0
16000,45000,180,193.0,1260000.0,2168856.0,-908856.0,-0.7213142857142857,686400,-1482456.0,"[  21953. -395104.  212947. -474756. -201408.   73465. -916710. -253306.
 -627941.    9234. -125037.  133083. -430790. -508319. -550200. -320258.
 -236920.  -89158. -499267. -350714.  -65226.   -8715. -327380. -168231.
 -207603.]",-252254.44,259480.66843926234,0.8,"[-663801. -798651. -730348. -610185. -659555. -248288. -311747. -318502.
 -607078. -777228. -958553. -616728. -666696. -522215. -913815. -604202.
 -607676. -439842. -409174. -701629. -746367. -573901. -967624. -654556.
 -758140.]",-634660.04,184082.42983869588,1.0,"[ -996767.  -840880.  -887567.  -937342.  -655116.  -755824.  -792668.
  -847828.  -460088.  -587797.  -726681. -1055787.  -425946.  -972449.
  -360557.  -731718.  -809247.  -850356.  -718980.  -580868. -1002924.
  -938307.  -429034.  -934833.  -608236.]",-756312.0,195281.16882997192,1.0
16000,50000,110,425.0,1260000.0,4305500.0,-3045500.0,-2.417063492063492,686400,-3619100.0,"[ -939150.  -447500.  -813225.  -348350.  -547500.  -975125.  -797500.
 -1189150. -1212375.  -675125.  -613225.  -940000.  -739150.  -648350.
  -389150.  -847500.  -775125.  -813225.  -512375.  -639150.  -939150.
  -940000. -1075125.  -613225.  -798350.]",-769124.0,225090.40533527857,1.0,"[ -998350.  -824275. -1047500.  -812375. -1512375. -1024275. -1297500.
 -1247500. -1362375. -1290000. -1297500.  -847500. -1412375. -1425125.
  -697500.  -997500.  -997500.  -824275. -1248350.  -874275. -1348350.
 -1597500.  -997500. -1047500. -1197500.]",-1129071.0,241843.42224670903,1.0,"[-1597500. -1447500. -1297500. -1174275. -1763225. -1297500. -1347500.
 -1212375. -1397500. -1498350. -1447500. -1247500. -1597500. -1547500.
 -1597500. -1297500. -1347500. -1697500. -1048350. -1647500. -1097500.
  -897500. -1348350. -1474275. -1597500.]",-1396968.0,209354.71663184473,1.0
16000,50000,150,283.0,1260000.0,2937085.0,-1677085.0,-1.3310198412698413,686400,-2250685.0,"[ -666456.  -576489.  -596534.  -280491.  -131054.  -550624.  -751823.
  -890380.  -457285.  -776855.  -352466.  -617879.  -491608.  -991109.
 -1040917.  -448077.   115227.  -551302.  -663391.  -950256.  -683353.
  -603697.  -793632.  -740711.  -584779.]",-603037.64,255898.568316414,0.96,"[ -662502.  -684525.  -926887. -1103601.  -766536.  -600453. -1370907.
  -685254. -1261365. -1340231. -1337473.  -826198.  -755256.  -994516.
 -1398470. -1340797. -1136026.  -956725. -1163143. -1285089.  -908006.
  -715364. -1089614. -1351420.  -981095.]",-1025658.12,258957.62342627722,1.0,"[ -595773. -1111525.  -997020.  -992078. -1490829. -1255179. -1533997.
 -1040471. -1135166. -1428700. -1347175. -1272645. -1406394. -1410153.
 -1005299. -1417511. -1203441.  -815770. -1145485. -1145071. -1547015.
 -1636464. -1099356. -1414681. -1477165.]",-1236974.52,245016.00003283378,1.0
16000,50000,180,227.0,1260000.0,2400784.0,-1140784.0,-0.905384126984127,686400,-1714384.0,"[-334198. -166686.   95134. -367677. -182005.   46790. -333517. -723812.
 -201073. -243742. -386401. -328977. -370628. -222865. -504544.   -1898.
 -413758. -504090. -694646. -788500. -239092. -573662. -391285.   18759.
 -669793.]",-339286.64,236063.5426147596,0.88,"[ -883379.  -868170.  -177238.  -409218.  -634835. -1012418.  -239092.
  -622804.  -233871.  -633019.  -599423.  -733456.  -833783.  -980528.
  -612589. -1135328.  -905962.  -496489. -1229636.  -653105.  -618718.
 -1134647. -1072793.  -306277.  -910048.]",-717473.04,293890.32673519285,1.0,"[ -860225. -1244618. -1007761.  -854777. -1178795. -1162224. -1148150.
 -1025921.  -533600. -1152236. -1050320.  -810856. -1205237.  -932177.
 -1164721.  -925938. -1138616. -1192979. -1315208. -1176635. -1238716.
  -878839.  -651289.  -988356.  -952380.]",-1031622.96,189468.85633232287,1.0
